Codigo,Localidad,Estrato,Year,Predios,PorcPredios
0,"Bogotá D.C.",Sin Estrato,2010,393423,0.183840376
0,"Bogotá D.C.",E1,2010,107554,0.050258291
0,"Bogotá D.C.",E2,2010,475853,0.222358617
0,"Bogotá D.C.",E3,2010,588024,0.27477436
0,"Bogotá D.C.",E4,2010,335243,0.156653777
0,"Bogotá D.C.",E5,2010,121476,0.056763823
0,"Bogotá D.C.",E6,2010,118452,0.055350755
0,"Bogotá D.C.",Sin Estrato,2011,403273,0.182148356
0,"Bogotá D.C.",E1,2011,107871,0.04872264
0,"Bogotá D.C.",E2,2011,484157,0.218681642
0,"Bogotá D.C.",E3,2011,591796,0.267299494
0,"Bogotá D.C.",E4,2011,371895,0.167975696
0,"Bogotá D.C.",E5,2011,131498,0.059394367
0,"Bogotá D.C.",E6,2011,123491,0.055777805
0,"Bogotá D.C.",Sin Estrato,2012,407350,0.179508411
0,"Bogotá D.C.",E1,2012,108502,0.047813972
0,"Bogotá D.C.",E2,2012,498084,0.219492494
0,"Bogotá D.C.",E3,2012,604506,0.266389865
0,"Bogotá D.C.",E4,2012,390050,0.171884757
0,"Bogotá D.C.",E5,2012,133836,0.058977998
0,"Bogotá D.C.",E6,2012,126925,0.055932503
0,"Bogotá D.C.",Sin Estrato,2013,407593,0.175160703
0,"Bogotá D.C.",E1,2013,109547,0.047077181
0,"Bogotá D.C.",E2,2013,517697,0.222477251
0,"Bogotá D.C.",E3,2013,617906,0.265541482
0,"Bogotá D.C.",E4,2013,404957,0.174027897
0,"Bogotá D.C.",E5,2013,137493,0.059086811
0,"Bogotá D.C.",E6,2013,131773,0.056628674
0,"Bogotá D.C.",Sin Estrato,2014,414764,0.173949731
0,"Bogotá D.C.",E1,2014,110733,0.046440809
0,"Bogotá D.C.",E2,2014,525039,0.220198457
0,"Bogotá D.C.",E3,2014,625824,0.26246713
0,"Bogotá D.C.",E4,2014,421815,0.176906882
0,"Bogotá D.C.",E5,2014,149176,0.062563591
0,"Bogotá D.C.",E6,2014,137039,0.0574734
0,"Bogotá D.C.",Sin Estrato,2015,419717,0.172777225
0,"Bogotá D.C.",E1,2015,112007,0.046107874
0,"Bogotá D.C.",E2,2015,532684,0.219280285
0,"Bogotá D.C.",E3,2015,635403,0.261564738
0,"Bogotá D.C.",E4,2015,433674,0.178522648
0,"Bogotá D.C.",E5,2015,155590,0.064048891
0,"Bogotá D.C.",E6,2015,140163,0.05769834
0,"Bogotá D.C.",Sin Estrato,2016,422077,0.170075343
0,"Bogotá D.C.",E1,2016,114449,0.046117066
0,"Bogotá D.C.",E2,2016,544661,0.219470397
0,"Bogotá D.C.",E3,2016,654366,0.263675875
0,"Bogotá D.C.",E4,2016,443321,0.178635584
0,"Bogotá D.C.",E5,2016,159237,0.064164329
0,"Bogotá D.C.",E6,2016,143595,0.057861407
0,"Bogotá D.C.",Sin Estrato,2017,424571,0.166937707
0,"Bogotá D.C.",E1,2017,122699,0.048244203
0,"Bogotá D.C.",E2,2017,551792,0.216959922
0,"Bogotá D.C.",E3,2017,669410,0.263206319
0,"Bogotá D.C.",E4,2017,461145,0.181318292
0,"Bogotá D.C.",E5,2017,165905,0.065232435
0,"Bogotá D.C.",E6,2017,147768,0.058101121
0,"Bogotá D.C.",Sin Estrato,2018,426661,0.164910603
0,"Bogotá D.C.",E1,2018,125228,0.04840242
0,"Bogotá D.C.",E2,2018,555753,0.214806515
0,"Bogotá D.C.",E3,2018,674963,0.260882892
0,"Bogotá D.C.",E4,2018,484003,0.187074109
0,"Bogotá D.C.",E5,2018,168931,0.065294257
0,"Bogotá D.C.",E6,2018,151687,0.058629204
1,"USAQUÉN",Sin Estrato,2010,36164,0.134303859
1,"USAQUÉN",E1,2010,2914,0.010821852
1,"USAQUÉN",E2,2010,5875,0.021818249
1,"USAQUÉN",E3,2010,38632,0.143469380
1,"USAQUÉN",E4,2010,82701,0.307130390
1,"USAQUÉN",E5,2010,39463,0.146555502
1,"USAQUÉN",E6,2010,63521,0.235900769
1,"USAQUÉN",Sin Estrato,2011,37083,0.130855467
1,"USAQUÉN",E1,2011,2947,0.010399133
1,"USAQUÉN",E2,2011,5861,0.020681819
1,"USAQUÉN",E3,2011,39635,0.139860757
1,"USAQUÉN",E4,2011,89500,0.315820304
1,"USAQUÉN",E5,2011,41768,0.147387513
1,"USAQUÉN",E6,2011,66595,0.234995007
1,"USAQUÉN",Sin Estrato,2012,38656,0.131817019
1,"USAQUÉN",E1,2012,2957,0.010083375
1,"USAQUÉN",E2,2012,6062,0.020671429
1,"USAQUÉN",E3,2012,40889,0.139431553
1,"USAQUÉN",E4,2012,93565,0.319056794
1,"USAQUÉN",E5,2012,42637,0.145392235
1,"USAQUÉN",E6,2012,68489,0.233547595
1,"USAQUÉN",Sin Estrato,2013,38033,0.125153427
1,"USAQUÉN",E1,2013,3051,0.010039784
1,"USAQUÉN",E2,2013,6111,0.020109184
1,"USAQUÉN",E3,2013,43051,0.141665926
1,"USAQUÉN",E4,2013,98213,0.323184958
1,"USAQUÉN",E5,2013,43871,0.144364262
1,"USAQUÉN",E6,2013,71561,0.235482459
1,"USAQUÉN",Sin Estrato,2014,39103,0.123865969
1,"USAQUÉN",E1,2014,3074,0.009737462
1,"USAQUÉN",E2,2014,5811,0.018407415
1,"USAQUÉN",E3,2014,43454,0.137648564
1,"USAQUÉN",E4,2014,103082,0.326531259
1,"USAQUÉN",E5,2014,47331,0.149929677
1,"USAQUÉN",E6,2014,73833,0.233879653
1,"USAQUÉN",Sin Estrato,2015,39798,0.122455008
1,"USAQUÉN",E1,2015,3140,0.009661509
1,"USAQUÉN",E2,2015,5838,0.017963022
1,"USAQUÉN",E3,2015,44757,0.137713422
1,"USAQUÉN",E4,2015,106403,0.327392839
1,"USAQUÉN",E5,2015,49528,0.152393377
1,"USAQUÉN",E6,2015,75537,0.232420823
1,"USAQUÉN",Sin Estrato,2016,40594,0.120794265
1,"USAQUÉN",E1,2016,3143,0.009352524
1,"USAQUÉN",E2,2016,6024,0.017925424
1,"USAQUÉN",E3,2016,47515,0.141388863
1,"USAQUÉN",E4,2016,109782,0.326674780
1,"USAQUÉN",E5,2016,51391,0.152922552
1,"USAQUÉN",E6,2016,77610,0.230941591
1,"USAQUÉN",Sin Estrato,2017,40405,0.116607937
1,"USAQUÉN",E1,2017,3153,0.009099488
1,"USAQUÉN",E2,2017,5915,0.017070559
1,"USAQUÉN",E3,2017,47855,0.138108472
1,"USAQUÉN",E4,2017,116644,0.336632006
1,"USAQUÉN",E5,2017,53239,0.153646577
1,"USAQUÉN",E6,2017,79292,0.228834960
1,"USAQUÉN",Sin Estrato,2018,40651,0.114978518
1,"USAQUÉN",E1,2018,3130,0.008852987
1,"USAQUÉN",E2,2018,6082,0.017202513
1,"USAQUÉN",E3,2018,43736,0.123704225
1,"USAQUÉN",E4,2018,124038,0.350832831
1,"USAQUÉN",E5,2018,54804,0.155009291
1,"USAQUÉN",E6,2018,81112,0.229419634
2,"CHAPINERO",Sin Estrato,2010,47082,0.326754112
2,"CHAPINERO",E1,2010,1378,0.009563467
2,"CHAPINERO",E2,2010,2104,0.014601985
2,"CHAPINERO",E3,2010,5590,0.038795197
2,"CHAPINERO",E4,2010,27532,0.191075023
2,"CHAPINERO",E5,2010,11588,0.080421958
2,"CHAPINERO",E6,2010,48816,0.338788257
2,"CHAPINERO",Sin Estrato,2011,49168,0.328123540
2,"CHAPINERO",E1,2011,1382,0.009222802
2,"CHAPINERO",E2,2011,1976,0.013186872
2,"CHAPINERO",E3,2011,5601,0.037378375
2,"CHAPINERO",E4,2011,28896,0.192837980
2,"CHAPINERO",E5,2011,12357,0.082464664
2,"CHAPINERO",E6,2011,50466,0.336785767
2,"CHAPINERO",Sin Estrato,2012,50117,0.327038403
2,"CHAPINERO",E1,2012,1385,0.009037815
2,"CHAPINERO",E2,2012,2014,0.013142354
2,"CHAPINERO",E3,2012,5621,0.036679826
2,"CHAPINERO",E4,2012,29947,0.195419100
2,"CHAPINERO",E5,2012,12737,0.083115273
2,"CHAPINERO",E6,2012,51424,0.335567229
2,"CHAPINERO",Sin Estrato,2013,50587,0.324394170
2,"CHAPINERO",E1,2013,1422,0.009118716
2,"CHAPINERO",E2,2013,2144,0.013748613
2,"CHAPINERO",E3,2013,5600,0.035910557
2,"CHAPINERO",E4,2013,30330,0.194494142
2,"CHAPINERO",E5,2013,12943,0.082998275
2,"CHAPINERO",E6,2013,52917,0.339335526
2,"CHAPINERO",Sin Estrato,2014,51080,0.314952862
2,"CHAPINERO",E1,2014,1431,0.008823366
2,"CHAPINERO",E2,2014,2159,0.013312123
2,"CHAPINERO",E3,2014,5780,0.035638754
2,"CHAPINERO",E4,2014,31915,0.196783880
2,"CHAPINERO",E5,2014,14534,0.089614818
2,"CHAPINERO",E6,2014,55284,0.340874198
2,"CHAPINERO",Sin Estrato,2015,51728,0.312811054
2,"CHAPINERO",E1,2015,1436,0.008683821
2,"CHAPINERO",E2,2015,2204,0.013328092
2,"CHAPINERO",E3,2015,6469,0.039119523
2,"CHAPINERO",E4,2015,32608,0.197188039
2,"CHAPINERO",E5,2015,14786,0.089414326
2,"CHAPINERO",E6,2015,56134,0.339455145
2,"CHAPINERO",Sin Estrato,2016,52207,0.310676434
2,"CHAPINERO",E1,2016,1444,0.008593039
2,"CHAPINERO",E2,2016,2239,0.013323971
2,"CHAPINERO",E3,2016,7027,0.041816678
2,"CHAPINERO",E4,2016,33140,0.197211428
2,"CHAPINERO",E5,2016,14898,0.088655880
2,"CHAPINERO",E6,2016,57088,0.339722571
2,"CHAPINERO",Sin Estrato,2017,52663,0.306924346
2,"CHAPINERO",E1,2017,1457,0.008491517
2,"CHAPINERO",E2,2017,2245,0.013084047
2,"CHAPINERO",E3,2017,7138,0.041600858
2,"CHAPINERO",E4,2017,34026,0.198306359
2,"CHAPINERO",E5,2017,15123,0.088138102
2,"CHAPINERO",E6,2017,58931,0.343454771
2,"CHAPINERO",Sin Estrato,2018,52941,0.305285010
2,"CHAPINERO",E1,2018,1480,0.008534441
2,"CHAPINERO",E2,2018,2327,0.013418678
2,"CHAPINERO",E3,2018,7622,0.043952369
2,"CHAPINERO",E4,2018,34221,0.197335871
2,"CHAPINERO",E5,2018,15622,0.090084479
2,"CHAPINERO",E6,2018,59202,0.341389153
3,"SANTA FÉ",Sin Estrato,2010,28522,0.477068210
3,"SANTA FÉ",E1,2010,1095,0.018315325
3,"SANTA FÉ",E2,2010,12562,0.210116081
3,"SANTA FÉ",E3,2010,9175,0.153464022
3,"SANTA FÉ",E4,2010,8402,0.140534573
3,"SANTA FÉ",E5,2010,11,0.000183990
3,"SANTA FÉ",E6,2010,19,0.000317800
3,"SANTA FÉ",Sin Estrato,2011,28660,0.477833909
3,"SANTA FÉ",E1,2011,1102,0.018373097
3,"SANTA FÉ",E2,2011,12440,0.207405925
3,"SANTA FÉ",E3,2011,9182,0.153086914
3,"SANTA FÉ",E4,2011,8567,0.142833325
3,"SANTA FÉ",E5,2011,10,0.000166725
3,"SANTA FÉ",E6,2011,18,0.000300105
3,"SANTA FÉ",Sin Estrato,2012,28787,0.474086395
3,"SANTA FÉ",E1,2012,1110,0.018280331
3,"SANTA FÉ",E2,2012,12433,0.204756180
3,"SANTA FÉ",E3,2012,9198,0.151479719
3,"SANTA FÉ",E4,2012,9170,0.151018593
3,"SANTA FÉ",E5,2012,10,0.000164688
3,"SANTA FÉ",E6,2012,13,0.000214094
3,"SANTA FÉ",Sin Estrato,2013,28715,0.483588474
3,"SANTA FÉ",E1,2013,1120,0.018861887
3,"SANTA FÉ",E2,2013,11116,0.187204230
3,"SANTA FÉ",E3,2013,9210,0.155105340
3,"SANTA FÉ",E4,2013,9195,0.154852726
3,"SANTA FÉ",E5,2013,10,0.000168410
3,"SANTA FÉ",E6,2013,13,0.000218933
3,"SANTA FÉ",Sin Estrato,2014,29339,0.491596991
3,"SANTA FÉ",E1,2014,1085,0.018179990
3,"SANTA FÉ",E2,2014,11006,0.184413800
3,"SANTA FÉ",E3,2014,8789,0.147266299
3,"SANTA FÉ",E4,2014,9439,0.158157538
3,"SANTA FÉ",E5,2014,11,0.000184313
3,"SANTA FÉ",E6,2014,12,0.000201069
3,"SANTA FÉ",Sin Estrato,2015,29833,0.492423742
3,"SANTA FÉ",E1,2015,1088,0.017958537
3,"SANTA FÉ",E2,2015,11198,0.184834280
3,"SANTA FÉ",E3,2015,9001,0.148570580
3,"SANTA FÉ",E4,2015,9441,0.155833223
3,"SANTA FÉ",E5,2015,11,0.000181566
3,"SANTA FÉ",E6,2015,12,0.000198072
3,"SANTA FÉ",Sin Estrato,2016,29909,0.492824070
3,"SANTA FÉ",E1,2016,1094,0.018026331
3,"SANTA FÉ",E2,2016,11208,0.184679266
3,"SANTA FÉ",E3,2016,9015,0.148544217
3,"SANTA FÉ",E4,2016,9441,0.155563611
3,"SANTA FÉ",E5,2016,11,0.000181252
3,"SANTA FÉ",E6,2016,11,0.000181252
3,"SANTA FÉ",Sin Estrato,2017,30267,0.481039415
3,"SANTA FÉ",E1,2017,1097,0.017434838
3,"SANTA FÉ",E2,2017,11232,0.178512397
3,"SANTA FÉ",E3,2017,9500,0.150985378
3,"SANTA FÉ",E4,2017,10802,0.171678322
3,"SANTA FÉ",E5,2017,11,0.000174825
3,"SANTA FÉ",E6,2017,11,0.000174825
3,"SANTA FÉ",Sin Estrato,2018,30703,0.476813890
3,"SANTA FÉ",E1,2018,1413,0.021943720
3,"SANTA FÉ",E2,2018,11338,0.176077774
3,"SANTA FÉ",E3,2018,9860,0.153124612
3,"SANTA FÉ",E4,2018,11054,0.171667288
3,"SANTA FÉ",E5,2018,11,0.000170829
3,"SANTA FÉ",E6,2018,13,0.000201888
4,"SAN CRISTÓBAL",Sin Estrato,2010,16557,0.202544498
4,"SAN CRISTÓBAL",E1,2010,5026,0.061483883
4,"SAN CRISTÓBAL",E2,2010,49229,0.602226436
4,"SAN CRISTÓBAL",E3,2010,10932,0.133732950
4,"SAN CRISTÓBAL",E4,2010,1,0.000012233
4,"SAN CRISTÓBAL",E5,2010,0,0.000000000
4,"SAN CRISTÓBAL",E6,2010,0,0.000000000
4,"SAN CRISTÓBAL",Sin Estrato,2011,16268,0.198894757
4,"SAN CRISTÓBAL",E1,2011,5058,0.061839789
4,"SAN CRISTÓBAL",E2,2011,49613,0.606575215
4,"SAN CRISTÓBAL",E3,2011,10852,0.132678013
4,"SAN CRISTÓBAL",E4,2011,1,0.000012226
4,"SAN CRISTÓBAL",E5,2011,0,0.000000000
4,"SAN CRISTÓBAL",E6,2011,0,0.000000000
4,"SAN CRISTÓBAL",Sin Estrato,2012,16031,0.194799198
4,"SAN CRISTÓBAL",E1,2012,5084,0.061777751
4,"SAN CRISTÓBAL",E2,2012,50232,0.610389453
4,"SAN CRISTÓBAL",E3,2012,10947,0.133021447
4,"SAN CRISTÓBAL",E4,2012,1,0.000012151
4,"SAN CRISTÓBAL",E5,2012,0,0.000000000
4,"SAN CRISTÓBAL",E6,2012,0,0.000000000
4,"SAN CRISTÓBAL",Sin Estrato,2013,16168,0.192386868
4,"SAN CRISTÓBAL",E1,2013,4926,0.058615643
4,"SAN CRISTÓBAL",E2,2013,51970,0.618403360
4,"SAN CRISTÓBAL",E3,2013,10974,0.130582230
4,"SAN CRISTÓBAL",E4,2013,1,0.000011899
4,"SAN CRISTÓBAL",E5,2013,0,0.000000000
4,"SAN CRISTÓBAL",E6,2013,0,0.000000000
4,"SAN CRISTÓBAL",Sin Estrato,2014,16321,0.193127359
4,"SAN CRISTÓBAL",E1,2014,4974,0.058857636
4,"SAN CRISTÓBAL",E2,2014,52251,0.618289176
4,"SAN CRISTÓBAL",E3,2014,10962,0.129713995
4,"SAN CRISTÓBAL",E4,2014,1,0.000011833
4,"SAN CRISTÓBAL",E5,2014,0,0.000000000
4,"SAN CRISTÓBAL",E6,2014,0,0.000000000
4,"SAN CRISTÓBAL",Sin Estrato,2015,16227,0.190827306
4,"SAN CRISTÓBAL",E1,2015,5032,0.059175634
4,"SAN CRISTÓBAL",E2,2015,52691,0.619638972
4,"SAN CRISTÓBAL",E3,2015,11084,0.130346328
4,"SAN CRISTÓBAL",E4,2015,1,0.000011760
4,"SAN CRISTÓBAL",E5,2015,0,0.000000000
4,"SAN CRISTÓBAL",E6,2015,0,0.000000000
4,"SAN CRISTÓBAL",Sin Estrato,2016,15415,0.182201787
4,"SAN CRISTÓBAL",E1,2016,4895,0.057857785
4,"SAN CRISTÓBAL",E2,2016,53081,0.627405324
4,"SAN CRISTÓBAL",E3,2016,11212,0.132523285
4,"SAN CRISTÓBAL",E4,2016,1,0.000011820
4,"SAN CRISTÓBAL",E5,2016,0,0.000000000
4,"SAN CRISTÓBAL",E6,2016,0,0.000000000
4,"SAN CRISTÓBAL",Sin Estrato,2017,15128,0.175894705
4,"SAN CRISTÓBAL",E1,2017,4942,0.057461107
4,"SAN CRISTÓBAL",E2,2017,54530,0.634025533
4,"SAN CRISTÓBAL",E3,2017,11405,0.132607027
4,"SAN CRISTÓBAL",E4,2017,1,0.000011627
4,"SAN CRISTÓBAL",E5,2017,0,0.000000000
4,"SAN CRISTÓBAL",E6,2017,0,0.000000000
4,"SAN CRISTÓBAL",Sin Estrato,2018,14954,0.172655059
4,"SAN CRISTÓBAL",E1,2018,5062,0.058444557
4,"SAN CRISTÓBAL",E2,2018,54624,0.630674733
4,"SAN CRISTÓBAL",E3,2018,11971,0.138214104
4,"SAN CRISTÓBAL",E4,2018,1,0.000011546
4,"SAN CRISTÓBAL",E5,2018,0,0.000000000
4,"SAN CRISTÓBAL",E6,2018,0,0.000000000
5,"USME",Sin Estrato,2010,20746,0.270888555
5,"USME",E1,2010,26857,0.350682248
5,"USME",E2,2010,28946,0.377959130
5,"USME",E3,2010,33,0.000430894
5,"USME",E4,2010,3,0.000039172
5,"USME",E5,2010,0,0.000000000
5,"USME",E6,2010,0,0.000000000
5,"USME",Sin Estrato,2011,20493,0.264381459
5,"USME",E1,2011,26974,0.347993240
5,"USME",E2,2011,30012,0.387186665
5,"USME",E3,2011,31,0.000399933
5,"USME",E4,2011,3,0.000038703
5,"USME",E5,2011,0,0.000000000
5,"USME",E6,2011,0,0.000000000
5,"USME",Sin Estrato,2012,20177,0.255709325
5,"USME",E1,2012,27168,0.344308418
5,"USME",E2,2012,31453,0.398613540
5,"USME",E3,2012,105,0.001330697
5,"USME",E4,2012,3,0.000038020
5,"USME",E5,2012,0,0.000000000
5,"USME",E6,2012,0,0.000000000
5,"USME",Sin Estrato,2013,19669,0.241895415
5,"USME",E1,2013,27891,0.343012102
5,"USME",E2,2013,33716,0.414649744
5,"USME",E3,2013,33,0.000405844
5,"USME",E4,2013,3,0.000036895
5,"USME",E5,2013,0,0.000000000
5,"USME",E6,2013,0,0.000000000
5,"USME",Sin Estrato,2014,19340,0.233916714
5,"USME",E1,2014,28298,0.342263453
5,"USME",E2,2014,35003,0.423360224
5,"USME",E3,2014,34,0.000411229
5,"USME",E4,2014,4,0.000048380
5,"USME",E5,2014,0,0.000000000
5,"USME",E6,2014,0,0.000000000
5,"USME",Sin Estrato,2015,18904,0.224265360
5,"USME",E1,2015,28675,0.340182459
5,"USME",E2,2015,36670,0.435030192
5,"USME",E3,2015,41,0.000486399
5,"USME",E4,2015,3,0.000035590
5,"USME",E5,2015,0,0.000000000
5,"USME",E6,2015,0,0.000000000
5,"USME",Sin Estrato,2016,18773,0.220607072
5,"USME",E1,2016,29338,0.344759510
5,"USME",E2,2016,36959,0.434316133
5,"USME",E3,2016,26,0.000305534
5,"USME",E4,2016,1,0.000011751
5,"USME",E5,2016,0,0.000000000
5,"USME",E6,2016,0,0.000000000
5,"USME",Sin Estrato,2017,18652,0.211603476
5,"USME",E1,2017,30865,0.350157693
5,"USME",E2,2017,38467,0.436400971
5,"USME",E3,2017,161,0.001826515
5,"USME",E4,2017,1,0.000011345
5,"USME",E5,2017,0,0.000000000
5,"USME",E6,2017,0,0.000000000
5,"USME",Sin Estrato,2018,18484,0.206250907
5,"USME",E1,2018,32174,0.359008692
5,"USME",E2,2018,38911,0.434182484
5,"USME",E3,2018,47,0.000524442
5,"USME",E4,2018,3,0.000033475
5,"USME",E5,2018,0,0.000000000
5,"USME",E6,2018,0,0.000000000
6,"TUNJUELITO",Sin Estrato,2010,5695,0.172356395
6,"TUNJUELITO",E1,2010,0,0.000000000
6,"TUNJUELITO",E2,2010,13228,0.400338963
6,"TUNJUELITO",E3,2010,14119,0.427304643
6,"TUNJUELITO",E4,2010,0,0.000000000
6,"TUNJUELITO",E5,2010,0,0.000000000
6,"TUNJUELITO",E6,2010,0,0.000000000
6,"TUNJUELITO",Sin Estrato,2011,5873,0.177921173
6,"TUNJUELITO",E1,2011,0,0.000000000
6,"TUNJUELITO",E2,2011,13057,0.395558787
6,"TUNJUELITO",E3,2011,14079,0.426520040
6,"TUNJUELITO",E4,2011,0,0.000000000
6,"TUNJUELITO",E5,2011,0,0.000000000
6,"TUNJUELITO",E6,2011,0,0.000000000
6,"TUNJUELITO",Sin Estrato,2012,5903,0.178710908
6,"TUNJUELITO",E1,2012,0,0.000000000
6,"TUNJUELITO",E2,2012,13029,0.394447640
6,"TUNJUELITO",E3,2012,14099,0.426841452
6,"TUNJUELITO",E4,2012,0,0.000000000
6,"TUNJUELITO",E5,2012,0,0.000000000
6,"TUNJUELITO",E6,2012,0,0.000000000
6,"TUNJUELITO",Sin Estrato,2013,5750,0.174543909
6,"TUNJUELITO",E1,2013,0,0.000000000
6,"TUNJUELITO",E2,2013,13062,0.396503051
6,"TUNJUELITO",E3,2013,14131,0.428953040
6,"TUNJUELITO",E4,2013,0,0.000000000
6,"TUNJUELITO",E5,2013,0,0.000000000
6,"TUNJUELITO",E6,2013,0,0.000000000
6,"TUNJUELITO",Sin Estrato,2014,6044,0.183340411
6,"TUNJUELITO",E1,2014,0,0.000000000
6,"TUNJUELITO",E2,2014,12847,0.389704544
6,"TUNJUELITO",E3,2014,14075,0.426955045
6,"TUNJUELITO",E4,2014,0,0.000000000
6,"TUNJUELITO",E5,2014,0,0.000000000
6,"TUNJUELITO",E6,2014,0,0.000000000
6,"TUNJUELITO",Sin Estrato,2015,6209,0.187238021
6,"TUNJUELITO",E1,2015,0,0.000000000
6,"TUNJUELITO",E2,2015,12851,0.387533548
6,"TUNJUELITO",E3,2015,14101,0.425228431
6,"TUNJUELITO",E4,2015,0,0.000000000
6,"TUNJUELITO",E5,2015,0,0.000000000
6,"TUNJUELITO",E6,2015,0,0.000000000
6,"TUNJUELITO",Sin Estrato,2016,6166,0.185544054
6,"TUNJUELITO",E1,2016,0,0.000000000
6,"TUNJUELITO",E2,2016,12928,0.389022629
6,"TUNJUELITO",E3,2016,14138,0.425433317
6,"TUNJUELITO",E4,2016,0,0.000000000
6,"TUNJUELITO",E5,2016,0,0.000000000
6,"TUNJUELITO",E6,2016,0,0.000000000
6,"TUNJUELITO",Sin Estrato,2017,6115,0.182935950
6,"TUNJUELITO",E1,2017,0,0.000000000
6,"TUNJUELITO",E2,2017,13104,0.392018428
6,"TUNJUELITO",E3,2017,14208,0.425045622
6,"TUNJUELITO",E4,2017,0,0.000000000
6,"TUNJUELITO",E5,2017,0,0.000000000
6,"TUNJUELITO",E6,2017,0,0.000000000
6,"TUNJUELITO",Sin Estrato,2018,6100,0.181818182
6,"TUNJUELITO",E1,2018,0,0.000000000
6,"TUNJUELITO",E2,2018,13217,0.393949329
6,"TUNJUELITO",E3,2018,14233,0.424232489
6,"TUNJUELITO",E4,2018,0,0.000000000
6,"TUNJUELITO",E5,2018,0,0.000000000
6,"TUNJUELITO",E6,2018,0,0.000000000
7,"BOSA",Sin Estrato,2010,17737,0.148668131
7,"BOSA",E1,2010,6787,0.056887332
7,"BOSA",E2,2010,91530,0.767186898
7,"BOSA",E3,2010,3252,0.027257640
7,"BOSA",E4,2010,0,0.000000000
7,"BOSA",E5,2010,0,0.000000000
7,"BOSA",E6,2010,0,0.000000000
7,"BOSA",Sin Estrato,2011,18212,0.146785737
7,"BOSA",E1,2011,6810,0.054887485
7,"BOSA",E2,2011,95817,0.772269327
7,"BOSA",E3,2011,3233,0.026057451
7,"BOSA",E4,2011,0,0.000000000
7,"BOSA",E5,2011,0,0.000000000
7,"BOSA",E6,2011,0,0.000000000
7,"BOSA",Sin Estrato,2012,15916,0.124098462
7,"BOSA",E1,2012,7291,0.056848573
7,"BOSA",E2,2012,101776,0.793556486
7,"BOSA",E3,2012,3270,0.025496480
7,"BOSA",E4,2012,0,0.000000000
7,"BOSA",E5,2012,0,0.000000000
7,"BOSA",E6,2012,0,0.000000000
7,"BOSA",Sin Estrato,2013,15522,0.114608484
7,"BOSA",E1,2013,7261,0.053612434
7,"BOSA",E2,2013,109424,0.807944771
7,"BOSA",E3,2013,3228,0.023834312
7,"BOSA",E4,2013,0,0.000000000
7,"BOSA",E5,2013,0,0.000000000
7,"BOSA",E6,2013,0,0.000000000
7,"BOSA",Sin Estrato,2014,15615,0.113530609
7,"BOSA",E1,2014,7607,0.055307547
7,"BOSA",E2,2014,111103,0.807786826
7,"BOSA",E3,2014,3215,0.023375018
7,"BOSA",E4,2014,0,0.000000000
7,"BOSA",E5,2014,0,0.000000000
7,"BOSA",E6,2014,0,0.000000000
7,"BOSA",Sin Estrato,2015,15892,0.113534560
7,"BOSA",E1,2015,7836,0.055981425
7,"BOSA",E2,2015,113031,0.807508484
7,"BOSA",E3,2015,3216,0.022975531
7,"BOSA",E4,2015,0,0.000000000
7,"BOSA",E5,2015,0,0.000000000
7,"BOSA",E6,2015,0,0.000000000
7,"BOSA",Sin Estrato,2016,16103,0.109533041
7,"BOSA",E1,2016,8521,0.057960072
7,"BOSA",E2,2016,119183,0.810685984
7,"BOSA",E3,2016,3208,0.021820903
7,"BOSA",E4,2016,0,0.000000000
7,"BOSA",E5,2016,0,0.000000000
7,"BOSA",E6,2016,0,0.000000000
7,"BOSA",Sin Estrato,2017,15959,0.104912666
7,"BOSA",E1,2017,12433,0.081733140
7,"BOSA",E2,2017,120461,0.791897027
7,"BOSA",E3,2017,3264,0.021457168
7,"BOSA",E4,2017,0,0.000000000
7,"BOSA",E5,2017,0,0.000000000
7,"BOSA",E6,2017,0,0.000000000
7,"BOSA",Sin Estrato,2018,16199,0.103458407
7,"BOSA",E1,2018,14339,0.091579115
7,"BOSA",E2,2018,122823,0.784435574
7,"BOSA",E3,2018,3214,0.020526904
7,"BOSA",E4,2018,0,0.000000000
7,"BOSA",E5,2018,0,0.000000000
7,"BOSA",E6,2018,0,0.000000000
8,"KENNEDY",Sin Estrato,2010,30967,0.134249806
8,"KENNEDY",E1,2010,777,0.003368492
8,"KENNEDY",E2,2010,83558,0.362245141
8,"KENNEDY",E3,2010,107604,0.466490655
8,"KENNEDY",E4,2010,7761,0.033645905
8,"KENNEDY",E5,2010,0,0.000000000
8,"KENNEDY",E6,2010,0,0.000000000
8,"KENNEDY",Sin Estrato,2011,31433,0.131018874
8,"KENNEDY",E1,2011,797,0.003322051
8,"KENNEDY",E2,2011,88599,0.369297909
8,"KENNEDY",E3,2011,108614,0.452724332
8,"KENNEDY",E4,2011,10469,0.043636834
8,"KENNEDY",E5,2011,0,0.000000000
8,"KENNEDY",E6,2011,0,0.000000000
8,"KENNEDY",Sin Estrato,2012,31406,0.128016892
8,"KENNEDY",E1,2012,814,0.003318020
8,"KENNEDY",E2,2012,91140,0.371504156
8,"KENNEDY",E3,2012,111409,0.454124495
8,"KENNEDY",E4,2012,10558,0.043036437
8,"KENNEDY",E5,2012,0,0.000000000
8,"KENNEDY",E6,2012,0,0.000000000
8,"KENNEDY",Sin Estrato,2013,30900,0.122694514
8,"KENNEDY",E1,2013,820,0.003255971
8,"KENNEDY",E2,2013,94285,0.374377097
8,"KENNEDY",E3,2013,115039,0.456784927
8,"KENNEDY",E4,2013,10801,0.042887490
8,"KENNEDY",E5,2013,0,0.000000000
8,"KENNEDY",E6,2013,0,0.000000000
8,"KENNEDY",Sin Estrato,2014,31656,0.123294554
8,"KENNEDY",E1,2014,833,0.003244389
8,"KENNEDY",E2,2014,97709,0.380559375
8,"KENNEDY",E3,2014,115476,0.449758716
8,"KENNEDY",E4,2014,11077,0.043142967
8,"KENNEDY",E5,2014,0,0.000000000
8,"KENNEDY",E6,2014,0,0.000000000
8,"KENNEDY",Sin Estrato,2015,32220,0.123352807
8,"KENNEDY",E1,2015,834,0.003192931
8,"KENNEDY",E2,2015,98242,0.376115037
8,"KENNEDY",E3,2015,117857,0.451210175
8,"KENNEDY",E4,2015,12049,0.046129050
8,"KENNEDY",E5,2015,0,0.000000000
8,"KENNEDY",E6,2015,0,0.000000000
8,"KENNEDY",Sin Estrato,2016,34179,0.124901790
8,"KENNEDY",E1,2016,848,0.003098883
8,"KENNEDY",E2,2016,101763,0.371876907
8,"KENNEDY",E3,2016,122596,0.448007835
8,"KENNEDY",E4,2016,14261,0.052114586
8,"KENNEDY",E5,2016,0,0.000000000
8,"KENNEDY",E6,2016,0,0.000000000
8,"KENNEDY",Sin Estrato,2017,34422,0.124073647
8,"KENNEDY",E1,2017,2097,0.007558609
8,"KENNEDY",E2,2017,100965,0.363927016
8,"KENNEDY",E3,2017,125678,0.453004700
8,"KENNEDY",E4,2017,14270,0.051436028
8,"KENNEDY",E5,2017,0,0.000000000
8,"KENNEDY",E6,2017,0,0.000000000
8,"KENNEDY",Sin Estrato,2018,32809,0.116600327
8,"KENNEDY",E1,2018,2100,0.007463217
8,"KENNEDY",E2,2018,102370,0.363814059
8,"KENNEDY",E3,2018,129763,0.461166394
8,"KENNEDY",E4,2018,14338,0.050956003
8,"KENNEDY",E5,2018,0,0.000000000
8,"KENNEDY",E6,2018,0,0.000000000
9,"FONTIBÓN",Sin Estrato,2010,14617,0.125461350
9,"FONTIBÓN",E1,2010,3,0.000025750
9,"FONTIBÓN",E2,2010,15199,0.130456801
9,"FONTIBÓN",E3,2010,34364,0.294954766
9,"FONTIBÓN",E4,2010,51993,0.446268862
9,"FONTIBÓN",E5,2010,330,0.002832472
9,"FONTIBÓN",E6,2010,0,0.000000000
9,"FONTIBÓN",Sin Estrato,2011,15817,0.130573327
9,"FONTIBÓN",E1,2011,2,0.000016511
9,"FONTIBÓN",E2,2011,16196,0.133702068
9,"FONTIBÓN",E3,2011,35045,0.289305321
9,"FONTIBÓN",E4,2011,51648,0.426367276
9,"FONTIBÓN",E5,2011,2427,0.020035498
9,"FONTIBÓN",E6,2011,0,0.000000000
9,"FONTIBÓN",Sin Estrato,2012,16373,0.128566941
9,"FONTIBÓN",E1,2012,2,0.000015705
9,"FONTIBÓN",E2,2012,16191,0.127137809
9,"FONTIBÓN",E3,2012,36446,0.286187672
9,"FONTIBÓN",E4,2012,55536,0.436089517
9,"FONTIBÓN",E5,2012,2802,0.022002356
9,"FONTIBÓN",E6,2012,0,0.000000000
9,"FONTIBÓN",Sin Estrato,2013,16809,0.125698261
9,"FONTIBÓN",E1,2013,2,0.000014956
9,"FONTIBÓN",E2,2013,17444,0.130446812
9,"FONTIBÓN",E3,2013,36721,0.274600860
9,"FONTIBÓN",E4,2013,59947,0.448285661
9,"FONTIBÓN",E5,2013,2802,0.020953449
9,"FONTIBÓN",E6,2013,0,0.000000000
9,"FONTIBÓN",Sin Estrato,2014,17458,0.125023274
9,"FONTIBÓN",E1,2014,2,0.000014323
9,"FONTIBÓN",E2,2014,18087,0.129527779
9,"FONTIBÓN",E3,2014,36086,0.258425357
9,"FONTIBÓN",E4,2014,64827,0.464250419
9,"FONTIBÓN",E5,2014,3178,0.022758848
9,"FONTIBÓN",E6,2014,0,0.000000000
9,"FONTIBÓN",Sin Estrato,2015,17753,0.124376471
9,"FONTIBÓN",E1,2015,1,0.000007006
9,"FONTIBÓN",E2,2015,18754,0.131389418
9,"FONTIBÓN",E3,2015,36216,0.253727161
9,"FONTIBÓN",E4,2015,66625,0.466770822
9,"FONTIBÓN",E5,2015,3387,0.023729122
9,"FONTIBÓN",E6,2015,0,0.000000000
9,"FONTIBÓN",Sin Estrato,2016,18021,0.124141494
9,"FONTIBÓN",E1,2016,1,0.000006889
9,"FONTIBÓN",E2,2016,19200,0.132263287
9,"FONTIBÓN",E3,2016,36915,0.254296835
9,"FONTIBÓN",E4,2016,67259,0.463327937
9,"FONTIBÓN",E5,2016,3769,0.025963559
9,"FONTIBÓN",E6,2016,0,0.000000000
9,"FONTIBÓN",Sin Estrato,2017,17819,0.120095974
9,"FONTIBÓN",E1,2017,8,0.000053918
9,"FONTIBÓN",E2,2017,20167,0.135920956
9,"FONTIBÓN",E3,2017,37828,0.254952047
9,"FONTIBÓN",E4,2017,68473,0.461492320
9,"FONTIBÓN",E5,2017,4078,0.027484785
9,"FONTIBÓN",E6,2017,0,0.000000000
9,"FONTIBÓN",Sin Estrato,2018,18070,0.119606299
9,"FONTIBÓN",E1,2018,1,0.000006619
9,"FONTIBÓN",E2,2018,20151,0.133380549
9,"FONTIBÓN",E3,2018,38744,0.256448613
9,"FONTIBÓN",E4,2018,69329,0.458892368
9,"FONTIBÓN",E5,2018,4784,0.031665552
9,"FONTIBÓN",E6,2018,0,0.000000000
10,"ENGATIVA",Sin Estrato,2010,22940,0.122886713
10,"ENGATIVA",E1,2010,1125,0.006026484
10,"ENGATIVA",E2,2010,29952,0.160449120
10,"ENGATIVA",E3,2010,125348,0.671473569
10,"ENGATIVA",E4,2010,7311,0.039164113
10,"ENGATIVA",E5,2010,0,0.000000000
10,"ENGATIVA",E6,2010,0,0.000000000
10,"ENGATIVA",Sin Estrato,2011,23918,0.126215027
10,"ENGATIVA",E1,2011,1112,0.005868012
10,"ENGATIVA",E2,2011,29740,0.156937658
10,"ENGATIVA",E3,2011,127275,0.671628795
10,"ENGATIVA",E4,2011,7457,0.039350508
10,"ENGATIVA",E5,2011,0,0.000000000
10,"ENGATIVA",E6,2011,0,0.000000000
10,"ENGATIVA",Sin Estrato,2012,24354,0.126457790
10,"ENGATIVA",E1,2012,1112,0.005774044
10,"ENGATIVA",E2,2012,30040,0.155982262
10,"ENGATIVA",E3,2012,129642,0.673164197
10,"ENGATIVA",E4,2012,7438,0.038621707
10,"ENGATIVA",E5,2012,0,0.000000000
10,"ENGATIVA",E6,2012,0,0.000000000
10,"ENGATIVA",Sin Estrato,2013,25270,0.128665333
10,"ENGATIVA",E1,2013,1115,0.005677161
10,"ENGATIVA",E2,2013,31251,0.159118334
10,"ENGATIVA",E3,2013,131297,0.668514926
10,"ENGATIVA",E4,2013,7468,0.038024246
10,"ENGATIVA",E5,2013,0,0.000000000
10,"ENGATIVA",E6,2013,0,0.000000000
10,"ENGATIVA",Sin Estrato,2014,25387,0.126796158
10,"ENGATIVA",E1,2014,1245,0.006218191
10,"ENGATIVA",E2,2014,32537,0.162507055
10,"ENGATIVA",E3,2014,133568,0.667109515
10,"ENGATIVA",E4,2014,7482,0.037369081
10,"ENGATIVA",E5,2014,0,0.000000000
10,"ENGATIVA",E6,2014,0,0.000000000
10,"ENGATIVA",Sin Estrato,2015,26295,0.129491833
10,"ENGATIVA",E1,2015,1311,0.006456124
10,"ENGATIVA",E2,2015,32893,0.161984212
10,"ENGATIVA",E3,2015,135089,0.665256595
10,"ENGATIVA",E4,2015,7475,0.036811236
10,"ENGATIVA",E5,2015,0,0.000000000
10,"ENGATIVA",E6,2015,0,0.000000000
10,"ENGATIVA",Sin Estrato,2016,25834,0.125216902
10,"ENGATIVA",E1,2016,1360,0.006591894
10,"ENGATIVA",E2,2016,33316,0.161482013
10,"ENGATIVA",E3,2016,137593,0.666910631
10,"ENGATIVA",E4,2016,8211,0.039798559
10,"ENGATIVA",E5,2016,0,0.000000000
10,"ENGATIVA",E6,2016,0,0.000000000
10,"ENGATIVA",Sin Estrato,2017,26558,0.126086007
10,"ENGATIVA",E1,2017,1404,0.006665591
10,"ENGATIVA",E2,2017,33336,0.158265047
10,"ENGATIVA",E3,2017,140079,0.665035085
10,"ENGATIVA",E4,2017,8578,0.040724669
10,"ENGATIVA",E5,2017,679,0.003223601
10,"ENGATIVA",E6,2017,0,0.000000000
10,"ENGATIVA",Sin Estrato,2018,28224,0.130246381
10,"ENGATIVA",E1,2018,510,0.002353517
10,"ENGATIVA",E2,2018,34007,0.156933414
10,"ENGATIVA",E3,2018,134856,0.622325182
10,"ENGATIVA",E4,2018,19100,0.088141506
10,"ENGATIVA",E5,2018,0,0.000000000
10,"ENGATIVA",E6,2018,0,0.000000000
11,"SUBA",Sin Estrato,2010,38644,0.105032561
11,"SUBA",E1,2010,360,0.000978463
11,"SUBA",E2,2010,71185,0.193477457
11,"SUBA",E3,2010,116043,0.315399376
11,"SUBA",E4,2010,71356,0.193942227
11,"SUBA",E5,2010,64240,0.174601276
11,"SUBA",E6,2010,6096,0.016568639
11,"SUBA",Sin Estrato,2011,38679,0.098557025
11,"SUBA",E1,2011,363,0.000924952
11,"SUBA",E2,2011,66540,0.169548965
11,"SUBA",E3,2011,115336,0.293884873
11,"SUBA",E4,2011,97165,0.247583787
11,"SUBA",E5,2011,67958,0.173162137
11,"SUBA",E6,2011,6412,0.016338262
11,"SUBA",Sin Estrato,2012,39769,0.097519409
11,"SUBA",E1,2012,376,0.000922007
11,"SUBA",E2,2012,68014,0.166780283
11,"SUBA",E3,2012,119516,0.293070725
11,"SUBA",E4,2012,104512,0.256278721
11,"SUBA",E5,2012,68620,0.168266283
11,"SUBA",E6,2012,6999,0.017162572
11,"SUBA",Sin Estrato,2013,39969,0.094908485
11,"SUBA",E1,2013,379,0.000899955
11,"SUBA",E2,2013,70931,0.168429376
11,"SUBA",E3,2013,123740,0.293827114
11,"SUBA",E4,2013,109016,0.258864204
11,"SUBA",E5,2013,69815,0.165779376
11,"SUBA",E6,2013,7282,0.017291491
11,"SUBA",Sin Estrato,2014,40999,0.094191461
11,"SUBA",E1,2014,392,0.000900584
11,"SUBA",E2,2014,71166,0.163497391
11,"SUBA",E3,2014,126177,0.289880144
11,"SUBA",E4,2014,112706,0.258931751
11,"SUBA",E5,2014,75923,0.174426165
11,"SUBA",E6,2014,7910,0.018172503
11,"SUBA",Sin Estrato,2015,40664,0.091529101
11,"SUBA",E1,2015,395,0.000889091
11,"SUBA",E2,2015,71417,0.160749898
11,"SUBA",E3,2015,128285,0.288751986
11,"SUBA",E4,2015,116088,0.261298208
11,"SUBA",E5,2015,78945,0.177694396
11,"SUBA",E6,2015,8480,0.019087320
11,"SUBA",Sin Estrato,2016,40414,0.089766998
11,"SUBA",E1,2016,398,0.000884032
11,"SUBA",E2,2016,71787,0.159452256
11,"SUBA",E3,2016,130737,0.290391151
11,"SUBA",E4,2016,117818,0.261695653
11,"SUBA",E5,2016,80170,0.178072455
11,"SUBA",E6,2016,8886,0.019737456
11,"SUBA",Sin Estrato,2017,41042,0.088272806
11,"SUBA",E1,2017,404,0.000868920
11,"SUBA",E2,2017,73312,0.157678865
11,"SUBA",E3,2017,133184,0.286451086
11,"SUBA",E4,2017,123929,0.266545505
11,"SUBA",E5,2017,83541,0.179679317
11,"SUBA",E6,2017,9533,0.020503500
11,"SUBA",Sin Estrato,2018,41629,0.088010199
11,"SUBA",E1,2018,412,0.000871032
11,"SUBA",E2,2018,72781,0.153870385
11,"SUBA",E3,2018,135652,0.286789485
11,"SUBA",E4,2018,126782,0.268036922
11,"SUBA",E5,2018,84386,0.178405165
11,"SUBA",E6,2018,11360,0.024016812
12,"BARRIOS UNIDOS",Sin Estrato,2010,15328,0.300755420
12,"BARRIOS UNIDOS",E1,2010,0,0.000000000
12,"BARRIOS UNIDOS",E2,2010,1,0.000019621
12,"BARRIOS UNIDOS",E3,2010,13511,0.265103502
12,"BARRIOS UNIDOS",E4,2010,19973,0.391896399
12,"BARRIOS UNIDOS",E5,2010,2152,0.042225056
12,"BARRIOS UNIDOS",E6,2010,0,0.000000000
12,"BARRIOS UNIDOS",Sin Estrato,2011,15956,0.305144387
12,"BARRIOS UNIDOS",E1,2011,0,0.000000000
12,"BARRIOS UNIDOS",E2,2011,1,0.000019124
12,"BARRIOS UNIDOS",E3,2011,13216,0.252744311
12,"BARRIOS UNIDOS",E4,2011,20983,0.401281316
12,"BARRIOS UNIDOS",E5,2011,2134,0.040810862
12,"BARRIOS UNIDOS",E6,2011,0,0.000000000
12,"BARRIOS UNIDOS",Sin Estrato,2012,16033,0.304555125
12,"BARRIOS UNIDOS",E1,2012,0,0.000000000
12,"BARRIOS UNIDOS",E2,2012,1,0.000018996
12,"BARRIOS UNIDOS",E3,2012,13420,0.254919839
12,"BARRIOS UNIDOS",E4,2012,21064,0.400121571
12,"BARRIOS UNIDOS",E5,2012,2126,0.040384469
12,"BARRIOS UNIDOS",E6,2012,0,0.000000000
12,"BARRIOS UNIDOS",Sin Estrato,2013,16023,0.303511896
12,"BARRIOS UNIDOS",E1,2013,0,0.000000000
12,"BARRIOS UNIDOS",E2,2013,1,0.000018942
12,"BARRIOS UNIDOS",E3,2013,13523,0.256156236
12,"BARRIOS UNIDOS",E4,2013,21120,0.400060615
12,"BARRIOS UNIDOS",E5,2013,2125,0.040252311
12,"BARRIOS UNIDOS",E6,2013,0,0.000000000
12,"BARRIOS UNIDOS",Sin Estrato,2014,16385,0.307838275
12,"BARRIOS UNIDOS",E1,2014,0,0.000000000
12,"BARRIOS UNIDOS",E2,2014,2,0.000037576
12,"BARRIOS UNIDOS",E3,2014,13588,0.255288769
12,"BARRIOS UNIDOS",E4,2014,21128,0.396948860
12,"BARRIOS UNIDOS",E5,2014,2123,0.039886522
12,"BARRIOS UNIDOS",E6,2014,0,0.000000000
12,"BARRIOS UNIDOS",Sin Estrato,2015,16668,0.305017751
12,"BARRIOS UNIDOS",E1,2015,0,0.000000000
12,"BARRIOS UNIDOS",E2,2015,2,0.000036599
12,"BARRIOS UNIDOS",E3,2015,13511,0.247245910
12,"BARRIOS UNIDOS",E4,2015,22351,0.409014383
12,"BARRIOS UNIDOS",E5,2015,2114,0.038685357
12,"BARRIOS UNIDOS",E6,2015,0,0.000000000
12,"BARRIOS UNIDOS",Sin Estrato,2016,16827,0.304676891
12,"BARRIOS UNIDOS",E1,2016,0,0.000000000
12,"BARRIOS UNIDOS",E2,2016,2,0.000036213
12,"BARRIOS UNIDOS",E3,2016,13843,0.250647305
12,"BARRIOS UNIDOS",E4,2016,22441,0.406326386
12,"BARRIOS UNIDOS",E5,2016,2116,0.038313205
12,"BARRIOS UNIDOS",E6,2016,0,0.000000000
12,"BARRIOS UNIDOS",Sin Estrato,2017,17157,0.305790721
12,"BARRIOS UNIDOS",E1,2017,0,0.000000000
12,"BARRIOS UNIDOS",E2,2017,2,0.000035646
12,"BARRIOS UNIDOS",E3,2017,13918,0.248061739
12,"BARRIOS UNIDOS",E4,2017,22916,0.408433885
12,"BARRIOS UNIDOS",E5,2017,2114,0.037678008
12,"BARRIOS UNIDOS",E6,2017,0,0.000000000
12,"BARRIOS UNIDOS",Sin Estrato,2018,17236,0.305451194
12,"BARRIOS UNIDOS",E1,2018,0,0.000000000
12,"BARRIOS UNIDOS",E2,2018,2,0.000035443
12,"BARRIOS UNIDOS",E3,2018,14061,0.249184802
12,"BARRIOS UNIDOS",E4,2018,22964,0.406961083
12,"BARRIOS UNIDOS",E5,2018,2165,0.038367477
12,"BARRIOS UNIDOS",E6,2018,0,0.000000000
13,"TEUSAQUILLO",Sin Estrato,2010,9933,0.135800612
13,"TEUSAQUILLO",E1,2010,0,0.000000000
13,"TEUSAQUILLO",E2,2010,2,0.000027343
13,"TEUSAQUILLO",E3,2010,6981,0.095441868
13,"TEUSAQUILLO",E4,2010,52536,0.718254402
13,"TEUSAQUILLO",E5,2010,3692,0.050475774
13,"TEUSAQUILLO",E6,2010,0,0.000000000
13,"TEUSAQUILLO",Sin Estrato,2011,11027,0.148375898
13,"TEUSAQUILLO",E1,2011,0,0.000000000
13,"TEUSAQUILLO",E2,2011,2,0.000026911
13,"TEUSAQUILLO",E3,2011,6926,0.093194112
13,"TEUSAQUILLO",E4,2011,51519,0.693223714
13,"TEUSAQUILLO",E5,2011,4844,0.065179364
13,"TEUSAQUILLO",E6,2011,0,0.000000000
13,"TEUSAQUILLO",Sin Estrato,2012,11907,0.155952849
13,"TEUSAQUILLO",E1,2012,0,0.000000000
13,"TEUSAQUILLO",E2,2012,2,0.000026195
13,"TEUSAQUILLO",E3,2012,6996,0.091630648
13,"TEUSAQUILLO",E4,2012,52541,0.688159790
13,"TEUSAQUILLO",E5,2012,4904,0.064230517
13,"TEUSAQUILLO",E6,2012,0,0.000000000
13,"TEUSAQUILLO",Sin Estrato,2013,12338,0.157095928
13,"TEUSAQUILLO",E1,2013,0,0.000000000
13,"TEUSAQUILLO",E2,2013,2,0.000025465
13,"TEUSAQUILLO",E3,2013,7167,0.091255189
13,"TEUSAQUILLO",E4,2013,53104,0.676156765
13,"TEUSAQUILLO",E5,2013,5927,0.075466653
13,"TEUSAQUILLO",E6,2013,0,0.000000000
13,"TEUSAQUILLO",Sin Estrato,2014,12563,0.156435224
13,"TEUSAQUILLO",E1,2014,0,0.000000000
13,"TEUSAQUILLO",E2,2014,2,0.000024904
13,"TEUSAQUILLO",E3,2014,7261,0.090414405
13,"TEUSAQUILLO",E4,2014,54406,0.677466753
13,"TEUSAQUILLO",E5,2014,6076,0.075658714
13,"TEUSAQUILLO",E6,2014,0,0.000000000
13,"TEUSAQUILLO",Sin Estrato,2015,12654,0.154906473
13,"TEUSAQUILLO",E1,2015,0,0.000000000
13,"TEUSAQUILLO",E2,2015,2,0.000024483
13,"TEUSAQUILLO",E3,2015,7321,0.089621487
13,"TEUSAQUILLO",E4,2015,54892,0.671971403
13,"TEUSAQUILLO",E5,2015,6819,0.083476153
13,"TEUSAQUILLO",E6,2015,0,0.000000000
13,"TEUSAQUILLO",Sin Estrato,2016,12681,0.154058290
13,"TEUSAQUILLO",E1,2016,0,0.000000000
13,"TEUSAQUILLO",E2,2016,2,0.000024297
13,"TEUSAQUILLO",E3,2016,7550,0.091723057
13,"TEUSAQUILLO",E4,2016,55198,0.670586663
13,"TEUSAQUILLO",E5,2016,6882,0.083607693
13,"TEUSAQUILLO",E6,2016,0,0.000000000
13,"TEUSAQUILLO",Sin Estrato,2017,13255,0.158482490
13,"TEUSAQUILLO",E1,2017,0,0.000000000
13,"TEUSAQUILLO",E2,2017,2,0.000023913
13,"TEUSAQUILLO",E3,2017,7689,0.091932996
13,"TEUSAQUILLO",E4,2017,55571,0.664430814
13,"TEUSAQUILLO",E5,2017,7120,0.085129787
13,"TEUSAQUILLO",E6,2017,0,0.000000000
13,"TEUSAQUILLO",Sin Estrato,2018,13307,0.157524030
13,"TEUSAQUILLO",E1,2018,0,0.000000000
13,"TEUSAQUILLO",E2,2018,2,0.000023675
13,"TEUSAQUILLO",E3,2018,7808,0.092428619
13,"TEUSAQUILLO",E4,2018,56200,0.665277712
13,"TEUSAQUILLO",E5,2018,7159,0.084745963
13,"TEUSAQUILLO",E6,2018,0,0.000000000
14,"LOS MÁRTIRES",Sin Estrato,2010,18054,0.568075265
14,"LOS MÁRTIRES",E1,2010,0,0.000000000
14,"LOS MÁRTIRES",E2,2010,1030,0.032409301
14,"LOS MÁRTIRES",E3,2010,11543,0.363204430
14,"LOS MÁRTIRES",E4,2010,1154,0.036311003
14,"LOS MÁRTIRES",E5,2010,0,0.000000000
14,"LOS MÁRTIRES",E6,2010,0,0.000000000
14,"LOS MÁRTIRES",Sin Estrato,2011,18678,0.580855828
14,"LOS MÁRTIRES",E1,2011,0,0.000000000
14,"LOS MÁRTIRES",E2,2011,1015,0.031564871
14,"LOS MÁRTIRES",E3,2011,11309,0.351691753
14,"LOS MÁRTIRES",E4,2011,1154,0.035887548
14,"LOS MÁRTIRES",E5,2011,0,0.000000000
14,"LOS MÁRTIRES",E6,2011,0,0.000000000
14,"LOS MÁRTIRES",Sin Estrato,2012,19819,0.597191671
14,"LOS MÁRTIRES",E1,2012,0,0.000000000
14,"LOS MÁRTIRES",E2,2012,1010,0.030433604
14,"LOS MÁRTIRES",E3,2012,11204,0.337602073
14,"LOS MÁRTIRES",E4,2012,1154,0.034772652
14,"LOS MÁRTIRES",E5,2012,0,0.000000000
14,"LOS MÁRTIRES",E6,2012,0,0.000000000
14,"LOS MÁRTIRES",Sin Estrato,2013,19774,0.593279328
14,"LOS MÁRTIRES",E1,2013,0,0.000000000
14,"LOS MÁRTIRES",E2,2013,1032,0.030963096
14,"LOS MÁRTIRES",E3,2013,11370,0.341134113
14,"LOS MÁRTIRES",E4,2013,1154,0.034623462
14,"LOS MÁRTIRES",E5,2013,0,0.000000000
14,"LOS MÁRTIRES",E6,2013,0,0.000000000
14,"LOS MÁRTIRES",Sin Estrato,2014,20092,0.600155326
14,"LOS MÁRTIRES",E1,2014,0,0.000000000
14,"LOS MÁRTIRES",E2,2014,990,0.029571659
14,"LOS MÁRTIRES",E3,2014,11242,0.335802617
14,"LOS MÁRTIRES",E4,2014,1154,0.034470398
14,"LOS MÁRTIRES",E5,2014,0,0.000000000
14,"LOS MÁRTIRES",E6,2014,0,0.000000000
14,"LOS MÁRTIRES",Sin Estrato,2015,20232,0.598810193
14,"LOS MÁRTIRES",E1,2015,0,0.000000000
14,"LOS MÁRTIRES",E2,2015,985,0.029153225
14,"LOS MÁRTIRES",E3,2015,11416,0.337881434
14,"LOS MÁRTIRES",E4,2015,1154,0.034155148
14,"LOS MÁRTIRES",E5,2015,0,0.000000000
14,"LOS MÁRTIRES",E6,2015,0,0.000000000
14,"LOS MÁRTIRES",Sin Estrato,2016,20285,0.599314563
14,"LOS MÁRTIRES",E1,2016,0,0.000000000
14,"LOS MÁRTIRES",E2,2016,980,0.028953822
14,"LOS MÁRTIRES",E3,2016,11428,0.337637014
14,"LOS MÁRTIRES",E4,2016,1154,0.034094602
14,"LOS MÁRTIRES",E5,2016,0,0.000000000
14,"LOS MÁRTIRES",E6,2016,0,0.000000000
14,"LOS MÁRTIRES",Sin Estrato,2017,20459,0.596507085
14,"LOS MÁRTIRES",E1,2017,0,0.000000000
14,"LOS MÁRTIRES",E2,2017,979,0.028543938
14,"LOS MÁRTIRES",E3,2017,11576,0.337512391
14,"LOS MÁRTIRES",E4,2017,1284,0.037436585
14,"LOS MÁRTIRES",E5,2017,0,0.000000000
14,"LOS MÁRTIRES",E6,2017,0,0.000000000
14,"LOS MÁRTIRES",Sin Estrato,2018,20717,0.594530219
14,"LOS MÁRTIRES",E1,2018,0,0.000000000
14,"LOS MÁRTIRES",E2,2018,994,0.028525512
14,"LOS MÁRTIRES",E3,2018,11851,0.340096424
14,"LOS MÁRTIRES",E4,2018,1284,0.036847845
14,"LOS MÁRTIRES",E5,2018,0,0.000000000
14,"LOS MÁRTIRES",E6,2018,0,0.000000000
15,"ANTONIO NARIÑO",Sin Estrato,2010,5796,0.282277310
15,"ANTONIO NARIÑO",E1,2010,0,0.000000000
15,"ANTONIO NARIÑO",E2,2010,426,0.020747090
15,"ANTONIO NARIÑO",E3,2010,14311,0.696975600
15,"ANTONIO NARIÑO",E4,2010,0,0.000000000
15,"ANTONIO NARIÑO",E5,2010,0,0.000000000
15,"ANTONIO NARIÑO",E6,2010,0,0.000000000
15,"ANTONIO NARIÑO",Sin Estrato,2011,6540,0.310718358
15,"ANTONIO NARIÑO",E1,2011,0,0.000000000
15,"ANTONIO NARIÑO",E2,2011,404,0.019194223
15,"ANTONIO NARIÑO",E3,2011,14104,0.670087419
15,"ANTONIO NARIÑO",E4,2011,0,0.000000000
15,"ANTONIO NARIÑO",E5,2011,0,0.000000000
15,"ANTONIO NARIÑO",E6,2011,0,0.000000000
15,"ANTONIO NARIÑO",Sin Estrato,2012,6514,0.308588754
15,"ANTONIO NARIÑO",E1,2012,0,0.000000000
15,"ANTONIO NARIÑO",E2,2012,411,0.019470368
15,"ANTONIO NARIÑO",E3,2012,14184,0.671940878
15,"ANTONIO NARIÑO",E4,2012,0,0.000000000
15,"ANTONIO NARIÑO",E5,2012,0,0.000000000
15,"ANTONIO NARIÑO",E6,2012,0,0.000000000
15,"ANTONIO NARIÑO",Sin Estrato,2013,6508,0.307546902
15,"ANTONIO NARIÑO",E1,2013,0,0.000000000
15,"ANTONIO NARIÑO",E2,2013,407,0.019233496
15,"ANTONIO NARIÑO",E3,2013,14246,0.673219602
15,"ANTONIO NARIÑO",E4,2013,0,0.000000000
15,"ANTONIO NARIÑO",E5,2013,0,0.000000000
15,"ANTONIO NARIÑO",E6,2013,0,0.000000000
15,"ANTONIO NARIÑO",Sin Estrato,2014,6757,0.316516770
15,"ANTONIO NARIÑO",E1,2014,0,0.000000000
15,"ANTONIO NARIÑO",E2,2014,406,0.019018175
15,"ANTONIO NARIÑO",E3,2014,14185,0.664465055
15,"ANTONIO NARIÑO",E4,2014,0,0.000000000
15,"ANTONIO NARIÑO",E5,2014,0,0.000000000
15,"ANTONIO NARIÑO",E6,2014,0,0.000000000
15,"ANTONIO NARIÑO",Sin Estrato,2015,6868,0.318552876
15,"ANTONIO NARIÑO",E1,2015,0,0.000000000
15,"ANTONIO NARIÑO",E2,2015,399,0.018506494
15,"ANTONIO NARIÑO",E3,2015,14293,0.662940631
15,"ANTONIO NARIÑO",E4,2015,0,0.000000000
15,"ANTONIO NARIÑO",E5,2015,0,0.000000000
15,"ANTONIO NARIÑO",E6,2015,0,0.000000000
15,"ANTONIO NARIÑO",Sin Estrato,2016,6916,0.318915429
15,"ANTONIO NARIÑO",E1,2016,0,0.000000000
15,"ANTONIO NARIÑO",E2,2016,397,0.018306742
15,"ANTONIO NARIÑO",E3,2016,14373,0.662777829
15,"ANTONIO NARIÑO",E4,2016,0,0.000000000
15,"ANTONIO NARIÑO",E5,2016,0,0.000000000
15,"ANTONIO NARIÑO",E6,2016,0,0.000000000
15,"ANTONIO NARIÑO",Sin Estrato,2017,6936,0.316929404
15,"ANTONIO NARIÑO",E1,2017,0,0.000000000
15,"ANTONIO NARIÑO",E2,2017,402,0.018368746
15,"ANTONIO NARIÑO",E3,2017,14547,0.664701851
15,"ANTONIO NARIÑO",E4,2017,0,0.000000000
15,"ANTONIO NARIÑO",E5,2017,0,0.000000000
15,"ANTONIO NARIÑO",E6,2017,0,0.000000000
15,"ANTONIO NARIÑO",Sin Estrato,2018,6955,0.308015943
15,"ANTONIO NARIÑO",E1,2018,0,0.000000000
15,"ANTONIO NARIÑO",E2,2018,404,0.017891940
15,"ANTONIO NARIÑO",E3,2018,15221,0.674092117
15,"ANTONIO NARIÑO",E4,2018,0,0.000000000
15,"ANTONIO NARIÑO",E5,2018,0,0.000000000
15,"ANTONIO NARIÑO",E6,2018,0,0.000000000
16,"PUENTE ARANDA",Sin Estrato,2010,16788,0.258914250
16,"PUENTE ARANDA",E1,2010,0,0.000000000
16,"PUENTE ARANDA",E2,2010,59,0.000909932
16,"PUENTE ARANDA",E3,2010,43476,0.670512030
16,"PUENTE ARANDA",E4,2010,4517,0.069663788
16,"PUENTE ARANDA",E5,2010,0,0.000000000
16,"PUENTE ARANDA",E6,2010,0,0.000000000
16,"PUENTE ARANDA",Sin Estrato,2011,17169,0.263110307
16,"PUENTE ARANDA",E1,2011,0,0.000000000
16,"PUENTE ARANDA",E2,2011,60,0.000919484
16,"PUENTE ARANDA",E3,2011,43493,0.666518528
16,"PUENTE ARANDA",E4,2011,4532,0.069451681
16,"PUENTE ARANDA",E5,2011,0,0.000000000
16,"PUENTE ARANDA",E6,2011,0,0.000000000
16,"PUENTE ARANDA",Sin Estrato,2012,17095,0.261691542
16,"PUENTE ARANDA",E1,2012,2,0.000030616
16,"PUENTE ARANDA",E2,2012,61,0.000933793
16,"PUENTE ARANDA",E3,2012,43607,0.667539227
16,"PUENTE ARANDA",E4,2012,4560,0.069804822
16,"PUENTE ARANDA",E5,2012,0,0.000000000
16,"PUENTE ARANDA",E6,2012,0,0.000000000
16,"PUENTE ARANDA",Sin Estrato,2013,17200,0.262055306
16,"PUENTE ARANDA",E1,2013,0,0.000000000
16,"PUENTE ARANDA",E2,2013,61,0.000929382
16,"PUENTE ARANDA",E3,2013,43770,0.666869810
16,"PUENTE ARANDA",E4,2013,4604,0.070145502
16,"PUENTE ARANDA",E5,2013,0,0.000000000
16,"PUENTE ARANDA",E6,2013,0,0.000000000
16,"PUENTE ARANDA",Sin Estrato,2014,17678,0.268417856
16,"PUENTE ARANDA",E1,2014,1,0.000015184
16,"PUENTE ARANDA",E2,2014,60,0.000911023
16,"PUENTE ARANDA",E3,2014,43527,0.660901913
16,"PUENTE ARANDA",E4,2014,4594,0.069754024
16,"PUENTE ARANDA",E5,2014,0,0.000000000
16,"PUENTE ARANDA",E6,2014,0,0.000000000
16,"PUENTE ARANDA",Sin Estrato,2015,18396,0.276432049
16,"PUENTE ARANDA",E1,2015,0,0.000000000
16,"PUENTE ARANDA",E2,2015,59,0.000886578
16,"PUENTE ARANDA",E3,2015,43509,0.653798762
16,"PUENTE ARANDA",E4,2015,4584,0.068882611
16,"PUENTE ARANDA",E5,2015,0,0.000000000
16,"PUENTE ARANDA",E6,2015,0,0.000000000
16,"PUENTE ARANDA",Sin Estrato,2016,18460,0.273968537
16,"PUENTE ARANDA",E1,2016,457,0.006782428
16,"PUENTE ARANDA",E2,2016,60,0.000890472
16,"PUENTE ARANDA",E3,2016,43789,0.649881270
16,"PUENTE ARANDA",E4,2016,4614,0.068477293
16,"PUENTE ARANDA",E5,2016,0,0.000000000
16,"PUENTE ARANDA",E6,2016,0,0.000000000
16,"PUENTE ARANDA",Sin Estrato,2017,18726,0.271651145
16,"PUENTE ARANDA",E1,2017,457,0.006629530
16,"PUENTE ARANDA",E2,2017,60,0.000870398
16,"PUENTE ARANDA",E3,2017,45041,0.653393101
16,"PUENTE ARANDA",E4,2017,4650,0.067455827
16,"PUENTE ARANDA",E5,2017,0,0.000000000
16,"PUENTE ARANDA",E6,2017,0,0.000000000
16,"PUENTE ARANDA",Sin Estrato,2018,18780,0.270390901
16,"PUENTE ARANDA",E1,2018,457,0.006579800
16,"PUENTE ARANDA",E2,2018,52,0.000748686
16,"PUENTE ARANDA",E3,2018,45479,0.654798071
16,"PUENTE ARANDA",E4,2018,4687,0.067482543
16,"PUENTE ARANDA",E5,2018,0,0.000000000
16,"PUENTE ARANDA",E6,2018,0,0.000000000
17,"LA CANDELARIA",Sin Estrato,2010,8009,0.578225399
17,"LA CANDELARIA",E1,2010,0,0.000000000
17,"LA CANDELARIA",E2,2010,2468,0.178182081
17,"LA CANDELARIA",E3,2010,3372,0.243448126
17,"LA CANDELARIA",E4,2010,2,0.000144394
17,"LA CANDELARIA",E5,2010,0,0.000000000
17,"LA CANDELARIA",E6,2010,0,0.000000000
17,"LA CANDELARIA",Sin Estrato,2011,8011,0.579918923
17,"LA CANDELARIA",E1,2011,0,0.000000000
17,"LA CANDELARIA",E2,2011,2452,0.177501086
17,"LA CANDELARIA",E3,2011,3350,0.242507601
17,"LA CANDELARIA",E4,2011,1,0.000072390
17,"LA CANDELARIA",E5,2011,0,0.000000000
17,"LA CANDELARIA",E6,2011,0,0.000000000
17,"LA CANDELARIA",Sin Estrato,2012,8141,0.585894207
17,"LA CANDELARIA",E1,2012,0,0.000000000
17,"LA CANDELARIA",E2,2012,2401,0.172795970
17,"LA CANDELARIA",E3,2012,3352,0.241237855
17,"LA CANDELARIA",E4,2012,1,0.000071968
17,"LA CANDELARIA",E5,2012,0,0.000000000
17,"LA CANDELARIA",E6,2012,0,0.000000000
17,"LA CANDELARIA",Sin Estrato,2013,8156,0.585919540
17,"LA CANDELARIA",E1,2013,0,0.000000000
17,"LA CANDELARIA",E2,2013,2412,0.173275862
17,"LA CANDELARIA",E3,2013,3351,0.240732759
17,"LA CANDELARIA",E4,2013,1,0.000071839
17,"LA CANDELARIA",E5,2013,0,0.000000000
17,"LA CANDELARIA",E6,2013,0,0.000000000
17,"LA CANDELARIA",Sin Estrato,2014,8193,0.589466868
17,"LA CANDELARIA",E1,2014,0,0.000000000
17,"LA CANDELARIA",E2,2014,2371,0.170587812
17,"LA CANDELARIA",E3,2014,3335,0.239945320
17,"LA CANDELARIA",E4,2014,0,0.000000000
17,"LA CANDELARIA",E5,2014,0,0.000000000
17,"LA CANDELARIA",E6,2014,0,0.000000000
17,"LA CANDELARIA",Sin Estrato,2015,8248,0.591466475
17,"LA CANDELARIA",E1,2015,0,0.000000000
17,"LA CANDELARIA",E2,2015,2350,0.168519183
17,"LA CANDELARIA",E3,2015,3347,0.240014342
17,"LA CANDELARIA",E4,2015,0,0.000000000
17,"LA CANDELARIA",E5,2015,0,0.000000000
17,"LA CANDELARIA",E6,2015,0,0.000000000
17,"LA CANDELARIA",Sin Estrato,2016,8243,0.586023034
17,"LA CANDELARIA",E1,2016,0,0.000000000
17,"LA CANDELARIA",E2,2016,2478,0.176169487
17,"LA CANDELARIA",E3,2016,3345,0.237807479
17,"LA CANDELARIA",E4,2016,0,0.000000000
17,"LA CANDELARIA",E5,2016,0,0.000000000
17,"LA CANDELARIA",E6,2016,0,0.000000000
17,"LA CANDELARIA",Sin Estrato,2017,8242,0.576202461
17,"LA CANDELARIA",E1,2017,0,0.000000000
17,"LA CANDELARIA",E2,2017,2711,0.189527405
17,"LA CANDELARIA",E3,2017,3351,0.234270134
17,"LA CANDELARIA",E4,2017,0,0.000000000
17,"LA CANDELARIA",E5,2017,0,0.000000000
17,"LA CANDELARIA",E6,2017,0,0.000000000
17,"LA CANDELARIA",Sin Estrato,2018,8236,0.575019200
17,"LA CANDELARIA",E1,2018,0,0.000000000
17,"LA CANDELARIA",E2,2018,2744,0.191579976
17,"LA CANDELARIA",E3,2018,3343,0.233400824
17,"LA CANDELARIA",E4,2018,0,0.000000000
17,"LA CANDELARIA",E5,2018,0,0.000000000
17,"LA CANDELARIA",E6,2018,0,0.000000000
18,"RAFAEL URIBE URIBE",Sin Estrato,2010,9468,0.135206923
18,"RAFAEL URIBE URIBE",E1,2010,5038,0.071944706
18,"RAFAEL URIBE URIBE",E2,2010,30502,0.435581070
18,"RAFAEL URIBE URIBE",E3,2010,25017,0.357253020
18,"RAFAEL URIBE URIBE",E4,2010,1,0.000014280
18,"RAFAEL URIBE URIBE",E5,2010,0,0.000000000
18,"RAFAEL URIBE URIBE",E6,2010,0,0.000000000
18,"RAFAEL URIBE URIBE",Sin Estrato,2011,9762,0.137262897
18,"RAFAEL URIBE URIBE",E1,2011,5001,0.070318762
18,"RAFAEL URIBE URIBE",E2,2011,31524,0.443257076
18,"RAFAEL URIBE URIBE",E3,2011,24832,0.349161265
18,"RAFAEL URIBE URIBE",E4,2011,0,0.000000000
18,"RAFAEL URIBE URIBE",E5,2011,0,0.000000000
18,"RAFAEL URIBE URIBE",E6,2011,0,0.000000000
18,"RAFAEL URIBE URIBE",Sin Estrato,2012,9722,0.135619228
18,"RAFAEL URIBE URIBE",E1,2012,5012,0.069916023
18,"RAFAEL URIBE URIBE",E2,2012,32092,0.447674581
18,"RAFAEL URIBE URIBE",E3,2012,24860,0.346790168
18,"RAFAEL URIBE URIBE",E4,2012,0,0.000000000
18,"RAFAEL URIBE URIBE",E5,2012,0,0.000000000
18,"RAFAEL URIBE URIBE",E6,2012,0,0.000000000
18,"RAFAEL URIBE URIBE",Sin Estrato,2013,9685,0.132292478
18,"RAFAEL URIBE URIBE",E1,2013,5110,0.069800161
18,"RAFAEL URIBE URIBE",E2,2013,33210,0.453632750
18,"RAFAEL URIBE URIBE",E3,2013,25204,0.344274611
18,"RAFAEL URIBE URIBE",E4,2013,0,0.000000000
18,"RAFAEL URIBE URIBE",E5,2013,0,0.000000000
18,"RAFAEL URIBE URIBE",E6,2013,0,0.000000000
18,"RAFAEL URIBE URIBE",Sin Estrato,2014,10057,0.135455109
18,"RAFAEL URIBE URIBE",E1,2014,5161,0.069512162
18,"RAFAEL URIBE URIBE",E2,2014,32186,0.433504835
18,"RAFAEL URIBE URIBE",E3,2014,26842,0.361527894
18,"RAFAEL URIBE URIBE",E4,2014,0,0.000000000
18,"RAFAEL URIBE URIBE",E5,2014,0,0.000000000
18,"RAFAEL URIBE URIBE",E6,2014,0,0.000000000
18,"RAFAEL URIBE URIBE",Sin Estrato,2015,10271,0.137193615
18,"RAFAEL URIBE URIBE",E1,2015,5215,0.069658719
18,"RAFAEL URIBE URIBE",E2,2015,32715,0.436986576
18,"RAFAEL URIBE URIBE",E3,2015,26664,0.356161090
18,"RAFAEL URIBE URIBE",E4,2015,0,0.000000000
18,"RAFAEL URIBE URIBE",E5,2015,0,0.000000000
18,"RAFAEL URIBE URIBE",E6,2015,0,0.000000000
18,"RAFAEL URIBE URIBE",Sin Estrato,2016,10227,0.135059824
18,"RAFAEL URIBE URIBE",E1,2016,5654,0.074667864
18,"RAFAEL URIBE URIBE",E2,2016,32598,0.430495761
18,"RAFAEL URIBE URIBE",E3,2016,27243,0.359776551
18,"RAFAEL URIBE URIBE",E4,2016,0,0.000000000
18,"RAFAEL URIBE URIBE",E5,2016,0,0.000000000
18,"RAFAEL URIBE URIBE",E6,2016,0,0.000000000
18,"RAFAEL URIBE URIBE",Sin Estrato,2017,10071,0.131860794
18,"RAFAEL URIBE URIBE",E1,2017,5685,0.074434377
18,"RAFAEL URIBE URIBE",E2,2017,32749,0.428786530
18,"RAFAEL URIBE URIBE",E3,2017,27871,0.364918299
18,"RAFAEL URIBE URIBE",E4,2017,0,0.000000000
18,"RAFAEL URIBE URIBE",E5,2017,0,0.000000000
18,"RAFAEL URIBE URIBE",E6,2017,0,0.000000000
18,"RAFAEL URIBE URIBE",Sin Estrato,2018,10101,0.131059269
18,"RAFAEL URIBE URIBE",E1,2018,5208,0.067573178
18,"RAFAEL URIBE URIBE",E2,2018,33339,0.432569545
18,"RAFAEL URIBE URIBE",E3,2018,28424,0.368798007
18,"RAFAEL URIBE URIBE",E4,2018,0,0.000000000
18,"RAFAEL URIBE URIBE",E5,2018,0,0.000000000
18,"RAFAEL URIBE URIBE",E6,2018,0,0.000000000
19,"CIUDAD BOLÍVAR",Sin Estrato,2010,28886,0.226288866
19,"CIUDAD BOLÍVAR",E1,2010,56141,0.439800707
19,"CIUDAD BOLÍVAR",E2,2010,37908,0.296965946
19,"CIUDAD BOLÍVAR",E3,2010,4716,0.036944481
19,"CIUDAD BOLÍVAR",E4,2010,0,0.000000000
19,"CIUDAD BOLÍVAR",E5,2010,0,0.000000000
19,"CIUDAD BOLÍVAR",E6,2010,0,0.000000000
19,"CIUDAD BOLÍVAR",Sin Estrato,2011,29007,0.223615844
19,"CIUDAD BOLÍVAR",E1,2011,56271,0.433794847
19,"CIUDAD BOLÍVAR",E2,2011,38761,0.298809726
19,"CIUDAD BOLÍVAR",E3,2011,5679,0.043779583
19,"CIUDAD BOLÍVAR",E4,2011,0,0.000000000
19,"CIUDAD BOLÍVAR",E5,2011,0,0.000000000
19,"CIUDAD BOLÍVAR",E6,2011,0,0.000000000
19,"CIUDAD BOLÍVAR",Sin Estrato,2012,29104,0.222827918
19,"CIUDAD BOLÍVAR",E1,2012,56136,0.429792056
19,"CIUDAD BOLÍVAR",E2,2012,39635,0.303456038
19,"CIUDAD BOLÍVAR",E3,2012,5737,0.043923989
19,"CIUDAD BOLÍVAR",E4,2012,0,0.000000000
19,"CIUDAD BOLÍVAR",E5,2012,0,0.000000000
19,"CIUDAD BOLÍVAR",E6,2012,0,0.000000000
19,"CIUDAD BOLÍVAR",Sin Estrato,2013,28944,0.221602916
19,"CIUDAD BOLÍVAR",E1,2013,56364,0.431537684
19,"CIUDAD BOLÍVAR",E2,2013,39057,0.299030717
19,"CIUDAD BOLÍVAR",E3,2013,6247,0.047828683
19,"CIUDAD BOLÍVAR",E4,2013,0,0.000000000
19,"CIUDAD BOLÍVAR",E5,2013,0,0.000000000
19,"CIUDAD BOLÍVAR",E6,2013,0,0.000000000
19,"CIUDAD BOLÍVAR",Sin Estrato,2014,29111,0.218615060
19,"CIUDAD BOLÍVAR",E1,2014,56544,0.424628833
19,"CIUDAD BOLÍVAR",E2,2014,39281,0.294988773
19,"CIUDAD BOLÍVAR",E3,2014,8225,0.061767334
19,"CIUDAD BOLÍVAR",E4,2014,0,0.000000000
19,"CIUDAD BOLÍVAR",E5,2014,0,0.000000000
19,"CIUDAD BOLÍVAR",E6,2014,0,0.000000000
19,"CIUDAD BOLÍVAR",Sin Estrato,2015,29268,0.215576801
19,"CIUDAD BOLÍVAR",E1,2015,56954,0.419501201
19,"CIUDAD BOLÍVAR",E2,2015,40322,0.296996302
19,"CIUDAD BOLÍVAR",E3,2015,9222,0.067925696
19,"CIUDAD BOLÍVAR",E4,2015,0,0.000000000
19,"CIUDAD BOLÍVAR",E5,2015,0,0.000000000
19,"CIUDAD BOLÍVAR",E6,2015,0,0.000000000
19,"CIUDAD BOLÍVAR",Sin Estrato,2016,29241,0.209401250
19,"CIUDAD BOLÍVAR",E1,2016,57203,0.409643300
19,"CIUDAD BOLÍVAR",E2,2016,40387,0.289220215
19,"CIUDAD BOLÍVAR",E3,2016,12810,0.091735235
19,"CIUDAD BOLÍVAR",E4,2016,0,0.000000000
19,"CIUDAD BOLÍVAR",E5,2016,0,0.000000000
19,"CIUDAD BOLÍVAR",E6,2016,0,0.000000000
19,"CIUDAD BOLÍVAR",Sin Estrato,2017,29120,0.202269980
19,"CIUDAD BOLÍVAR",E1,2017,58617,0.407158635
19,"CIUDAD BOLÍVAR",E2,2017,41113,0.285574372
19,"CIUDAD BOLÍVAR",E3,2017,15115,0.104990067
19,"CIUDAD BOLÍVAR",E4,2017,0,0.000000000
19,"CIUDAD BOLÍVAR",E5,2017,0,0.000000000
19,"CIUDAD BOLÍVAR",E6,2017,1,0.000006946
19,"CIUDAD BOLÍVAR",Sin Estrato,2018,28986,0.197897180
19,"CIUDAD BOLÍVAR",E1,2018,58858,0.401843381
19,"CIUDAD BOLÍVAR",E2,2018,39559,0.270082611
19,"CIUDAD BOLÍVAR",E3,2018,19065,0.130163173
19,"CIUDAD BOLÍVAR",E4,2018,2,0.000013655
19,"CIUDAD BOLÍVAR",E5,2018,0,0.000000000
19,"CIUDAD BOLÍVAR",E6,2018,0,0.000000000
20,"SUMAPAZ",Sin Estrato,2010,1490,0.910201588
20,"SUMAPAZ",E1,2010,53,0.032376298
20,"SUMAPAZ",E2,2010,89,0.054367746
20,"SUMAPAZ",E3,2010,5,0.003054368
20,"SUMAPAZ",E4,2010,0,0.000000000
20,"SUMAPAZ",E5,2010,0,0.000000000
20,"SUMAPAZ",E6,2010,0,0.000000000
20,"SUMAPAZ",Sin Estrato,2011,1519,0.913959085
20,"SUMAPAZ",E1,2011,52,0.031287605
20,"SUMAPAZ",E2,2011,87,0.052346570
20,"SUMAPAZ",E3,2011,4,0.002406739
20,"SUMAPAZ",E4,2011,0,0.000000000
20,"SUMAPAZ",E5,2011,0,0.000000000
20,"SUMAPAZ",E6,2011,0,0.000000000
20,"SUMAPAZ",Sin Estrato,2012,1526,0.913772455
20,"SUMAPAZ",E1,2012,53,0.031736527
20,"SUMAPAZ",E2,2012,87,0.052095808
20,"SUMAPAZ",E3,2012,4,0.002395210
20,"SUMAPAZ",E4,2012,0,0.000000000
20,"SUMAPAZ",E5,2012,0,0.000000000
20,"SUMAPAZ",E6,2012,0,0.000000000
20,"SUMAPAZ",Sin Estrato,2013,1573,0.912412993
20,"SUMAPAZ",E1,2013,86,0.049883991
20,"SUMAPAZ",E2,2013,61,0.035382831
20,"SUMAPAZ",E3,2013,4,0.002320186
20,"SUMAPAZ",E4,2013,0,0.000000000
20,"SUMAPAZ",E5,2013,0,0.000000000
20,"SUMAPAZ",E6,2013,0,0.000000000
20,"SUMAPAZ",Sin Estrato,2014,1586,0.913068509
20,"SUMAPAZ",E1,2014,86,0.049510651
20,"SUMAPAZ",E2,2014,62,0.035693725
20,"SUMAPAZ",E3,2014,3,0.001727116
20,"SUMAPAZ",E4,2014,0,0.000000000
20,"SUMAPAZ",E5,2014,0,0.000000000
20,"SUMAPAZ",E6,2014,0,0.000000000
20,"SUMAPAZ",Sin Estrato,2015,1589,0.911123853
20,"SUMAPAZ",E1,2015,90,0.051605505
20,"SUMAPAZ",E2,2015,61,0.034977064
20,"SUMAPAZ",E3,2015,4,0.002293578
20,"SUMAPAZ",E4,2015,0,0.000000000
20,"SUMAPAZ",E5,2015,0,0.000000000
20,"SUMAPAZ",E6,2015,0,0.000000000
20,"SUMAPAZ",Sin Estrato,2016,1582,0.905552376
20,"SUMAPAZ",E1,2016,93,0.053234116
20,"SUMAPAZ",E2,2016,69,0.039496279
20,"SUMAPAZ",E3,2016,3,0.001717230
20,"SUMAPAZ",E4,2016,0,0.000000000
20,"SUMAPAZ",E5,2016,0,0.000000000
20,"SUMAPAZ",E6,2016,0,0.000000000
20,"SUMAPAZ",Sin Estrato,2017,1575,0.928108427
20,"SUMAPAZ",E1,2017,80,0.047142015
20,"SUMAPAZ",E2,2017,40,0.023571008
20,"SUMAPAZ",E3,2017,2,0.001178550
20,"SUMAPAZ",E4,2017,0,0.000000000
20,"SUMAPAZ",E5,2017,0,0.000000000
20,"SUMAPAZ",E6,2017,0,0.000000000
20,"SUMAPAZ",Sin Estrato,2018,1579,0.927732080
20,"SUMAPAZ",E1,2018,84,0.049353702
20,"SUMAPAZ",E2,2018,26,0.015276146
20,"SUMAPAZ",E3,2018,13,0.007638073
20,"SUMAPAZ",E4,2018,0,0.000000000
20,"SUMAPAZ",E5,2018,0,0.000000000
20,"SUMAPAZ",E6,2018,0,0.000000000